"0","knitr::opts_chunk$set(echo = TRUE)"
"0","library(purrr)"
"0","library(tidyverse)"
"2","[30mâ”€â”€ [1mAttaching packages[22m â”€â”€â”€â”€â”€â”€â”€â”€â”€â”€â”€â”€â”€â”€â”€â”€â”€â”€â”€â”€â”€â”€â”€â”€â”€â”€â”€â”€â”€â”€â”€â”€â”€â”€â”€â”€â”€â”€â”€â”€â”€â”€â”€â”€â”€â”€â”€â”€â”€â”€â”€â”€â”€â”€â”€â”€â”€â”€â”€â”€â”€â”€â”€â”€â”€â”€â”€â”€â”€â”€â”€â”€â”€â”€â”€â”€â”€â”€â”€â”€ tidyverse 1.2.1 â”€â”€[39m
"
"2","[30m[32mâœ”[30m [34mggplot2[30m 3.2.1     [32mâœ”[30m [34mreadr  [30m 1.3.1
[32mâœ”[30m [34mtibble [30m 2.1.3     [32mâœ”[30m [34mdplyr  [30m 0.8.3
[32mâœ”[30m [34mtidyr  [30m 0.8.3     [32mâœ”[30m [34mstringr[30m 1.4.0
[32mâœ”[30m [34mggplot2[30m 3.2.1     [32mâœ”[30m [34mforcats[30m 0.4.0[39m
"
"2","[30mâ”€â”€ [1mConflicts[22m â”€â”€â”€â”€â”€â”€â”€â”€â”€â”€â”€â”€â”€â”€â”€â”€â”€â”€â”€â”€â”€â”€â”€â”€â”€â”€â”€â”€â”€â”€â”€â”€â”€â”€â”€â”€â”€â”€â”€â”€â”€â”€â”€â”€â”€â”€â”€â”€â”€â”€â”€â”€â”€â”€â”€â”€â”€â”€â”€â”€â”€â”€â”€â”€â”€â”€â”€â”€â”€â”€â”€â”€â”€â”€â”€â”€â”€â”€â”€â”€â”€â”€â”€ tidyverse_conflicts() â”€â”€
[31mâœ–[30m [34mdplyr[30m::[32mfilter()[30m masks [34mstats[30m::filter()
[31mâœ–[30m [34mdplyr[30m::[32mlag()[30m    masks [34mstats[30m::lag()[39m
"
"0","library(jsonlite)"
"2","
Attaching package: â€˜jsonliteâ€™

"
"2","The following object is masked from â€˜package:purrrâ€™:

    flatten

"
"0","library(""ggplot2"")"
"0","library(""reshape2"")"
"2","
Attaching package: â€˜reshape2â€™

"
"2","The following object is masked from â€˜package:tidyrâ€™:

    smiths

"
"0","library(ggpubr)"
"2","Loading required package: magrittr
"
"2","
Attaching package: â€˜magrittrâ€™

"
"2","The following object is masked from â€˜package:tidyrâ€™:

    extract

"
"2","The following object is masked from â€˜package:purrrâ€™:

    set_names

"
"0","library(plotrix)"
