Street,Suburb,City,Country
16 OFFICE ROAD,,CHRISTCHURCH,NEW ZEALAND
NEW BRIGHTON,NEW BRIGHTON,CHRISTCHURCH,NEW ZEALAND
CANTERBURY 8081,MOUNT PLEASANT,CHRISTCHURCH,NEW ZEALAND
HORNBY 8042,,CHRISTCHURCH,NEW ZEALAND
,HORNBY,CHRISTCHURCH,NEW ZEALAND
22 WEBB STREET,,CHRISTCHURCH,NEW ZEALAND
"255 MARINE PARADE ROAD , NEW B",NEW BRIGHTON,CHRISTCHURCH,NEW ZEALAND
26 WALTON STREET,WALTHAM,CHRISTCHURCH,NEW ZEALAND
7 CECIL PLACE,WALTHAM,CHRISTCHURCH,NEW ZEALAND
13 CLYDE ROAD,RICCARTON,CHRISTCHURCH,NEW ZEALAND
7 BOLTON AVENUE,SYDENHAM,CHRISTCHURCH,NEW ZEALAND
27 PACKE STREET,BEALEY,CHRISTCHURCH,NEW ZEALAND
49 BRODIE STREET,UPPER RICCARTON,CHRISTCHURCH,NEW ZEALAND
2 HOMESTEAD LANE,UPPER RICCARTON,CHRISTCHURCH,NEW ZEALAND
273 BARBADOES STREET,CHRISTCHURCH CENTRAL,CHRISTCHURCH,NEW ZEALAND
16 KILMARNOCK STREET,FENDALTON,CHRISTCHURCH,NEW ZEALAND
494 CASHEL STREET,LINWOOD,CHRISTCHURCH,NEW ZEALAND
17 PERCY STREET,LINWOOD,CHRISTCHURCH,NEW ZEALAND
16 ESTUARY RD,NEW BRIGHTON,CHRISTCHURCH,NEW ZEALAND
10 CRANMER SQUARE,CHRISTCHURCH CENTRAL,CHRISTCHURCH,NEW ZEALAND
26 CARLTON MILL ROAD,MERIVALE,CHRISTCHURCH,NEW ZEALAND
41 ARNOLD STREET,SUMNER,CHRISTCHURCH,NEW ZEALAND
8 DUBLIN STREET,CHRISTCHURCH CENTRAL,CHRISTCHURCH,NEW ZEALAND
77 CROFTON ROAD,BISHOPDALE (CHCH),CHRISTCHURCH,NEW ZEALAND
44 CHAPTER STREET,ST ALBANS,CHRISTCHURCH,NEW ZEALAND
8 HURLEY STREET,CHRISTCHURCH CENTRAL,CHRISTCHURCH,NEW ZEALAND
377 GLOUCESTER STREET,LINWOOD,CHRISTCHURCH,NEW ZEALAND
207 WAIMAIRI RD,ILAM,CHRISTCHURCH,NEW ZEALAND
"93 WATTLE DRIVE, NORTH BEACH,",NORTH BEACH (CHCH),CHRISTCHURCH,NEW ZEALAND
16 KILMARNOCK STREET,FENDALTON,CHRISTCHURCH,NEW ZEALAND
114B SOMERFIELD STREET,SYDENHAM,CHRISTCHURCH,NEW ZEALAND
77 MERSEY STREET,WESTMORELAND,CHRISTCHURCH,NEW ZEALAND
496 BARBADOES STREET,RICHMOND (CHCH),CHRISTCHURCH,NEW ZEALAND
15 PETERBOROUGH STREET,CHRISTCHURCH CENTRAL,CHRISTCHURCH,NEW ZEALAND
49 CHAMPION STREET,RICHMOND (CHCH),CHRISTCHURCH,NEW ZEALAND
27 PACKE STREET,BEALEY,CHRISTCHURCH,NEW ZEALAND
20 SALTAIRE STREET,NORTH NEW BRIGHTON,CHRISTCHURCH,NEW ZEALAND
"3 KAKARIKI LANE, CLIFTON",CHRISTCHURCH CENTRAL,CHRISTCHURCH,NEW ZEALAND
36 JEFFREYS ROAD,BRYNDWR,CHRISTCHURCH,NEW ZEALAND
345 CASHEL STREET,LINWOOD,CHRISTCHURCH,NEW ZEALAND
23 KENT LODGE AVENUE,AVONHEAD,CHRISTCHURCH,NEW ZEALAND
5B AVENGER CRESCENT,WIGRAM,CHRISTCHURCH,NEW ZEALAND
20 KIRKWOOD AVE,ILAM,CHRISTCHURCH,NEW ZEALAND
92 RUSSLEY ROAD,RUSSLEY,CHRISTCHURCH,NEW ZEALAND
9 CAMERON STREET,WALTHAM,CHRISTCHURCH,NEW ZEALAND
77 CARLTON MILL ROAD,MERIVALE,CHRISTCHURCH,NEW ZEALAND
65B HILLSBOROUGH TERRACE,MURRAY AYNSLEY,CHRISTCHURCH,NEW ZEALAND
83 BORDESLEY STREET,LINWOOD,CHRISTCHURCH,NEW ZEALAND
1 PICTON AVE,ADDINGTON,CHRISTCHURCH,NEW ZEALAND
23 FREDERICK STREET,PHILLIPSTOWN,CHRISTCHURCH,NEW ZEALAND
78 HOLLY ROAD,ST ALBANS,CHRISTCHURCH,NEW ZEALAND